code;libelle
1;COMPTES DE RESSOURCES DURABLES
10;CAPITAL
101;Capital social
1011;Capital souscrit, non appelé
1012;Capital souscrit, appelé, non versé
1013;Capital souscrit, appelé, versé, non amorti
1014;Capital souscrit, appelé, versé, amorti
1018;Capital souscrit, soumis à des conditions particulières
102;Capital par dotation
1021;Dotation initiale
1022;Dotations complémentaires
1028;Autres dotations
103;Capital personnel
104;Compte de l'exploitant
1041;Apports temporaires
1042;Opérations courantes
1043;Rémunérations, impôts, et autres charges personnelles
1047;Prélèvements d'autoconsommation
1048;Autres prélèvements
105;Primes liées au capital social
1051;Primes d'émission
1052;Primes d'apport
1053;Primes de fusion
1054;Primes de conversion
1058;Autres primes
106;Ecarts de réévaluation
1061;Ecarts de réévaluation légale
1062;Ecarts de réévaluation libre
109;Apporteurs, capital souscrit, non appelé
11;Réserves
111;RESERVE LEGALE
112;RESERVES STATUTAIRES OU CONTRACTUELLES
113;RESERVES REGLEMENTEES
1131;Réserves de plus-values nettes à long terme
1132;Réserves d'attribution gratuite d'actions au personnel salarié et aux dirigeants
1133;Réserves consécutives à l'octroi de subventions d'investissement
1134;Réserves de valeurs mobilières donnant accès au capital
1138;Autres réserves réglementées
118;AUTRES RESERVES
1181;Réserves facultatives
1188;Réserves diverses
12;Report à nouveau
121;REPORT A NOUVEAU CREDITEUR
129;REPORT A NOUVEAU DEBITEUR
1291;Perte nette à reporter
1292;Perte-Amortissements réputés différés
13;Résultat net de l'exercice
130;RESULTAT EN INSTANCE D'AFFECTATION
1301;Résultat en instance d'affectation : Bénéfice
1309;Résultat en instance d'affectation : Perte
131;RESULTAT NET : BENEFICE
132;MARGE COMMERCIALE (M.C.)
133;VALEUR AJOUTEE (V.A.)
134;EXCEDENT BRUT D'EXPLOITATION (E.B.E.)
135;RESULTAT D'EXPLOITATION (R.E.)
136;RESULTAT FINANCIER (R.F.)
137;RESULTAT DES ACTIVITES ORDINAIRES (R.A.O.)
138;RESULTAT HORS ACTIVITES ORDINAIRES (R.H.A.O.)
1381;Résultat de fusion,
1382;Résultat d'apport partiel d'actif
1383;Résultat de scission
1384;Résultat de liquidation
139;RESULTAT NET : PERTE
14;Subventions d'investissement
141;SUBVENTIONS D'EQUIPEMENT
1411;Etat
1412;Régions
1413;Départements
1414;Communes et collectivités publiques décentralisées
1415;Entités publiques ou mixtes
1416;Entreprises et organismes privés
1417;Organismes internationaux
1418;Autres
148;AUTRES SUBVENTIONS D'INVESTISSEMENT
15;Provisions réglementées et fonds assimilés
151;AMORTISSEMENTS DEROGATOIRES
152;PLUS-VALUES DE CESSION A REINVESTIR
153;FONDS REGLEMENTES
1531;Fonds national
1532;Prélèvement pour le Budget
154;PROVISION SPECIALE DE REEVALUATION
155;PROVISIONS REGLEMENTEES RELATIVES AUX IMMOBILISATIONS
1551;Reconstitution des gisements miniers et pétroliers
156;PROVISIONS REGLEMENTEES RELATIVES AUX STOCKS
1561;Hausse de prix
1562;Fluctuation des cours
157;PROVISIONS POUR INVESTISSEMENT
158;AUTRES PROVISIONS ET FONDS REGLEMENTES
16;Emprunts et dettes assimilées
161;EMPRUNTS OBLIGATAIRES
1611;Emprunts obligataires ordinaires
1612;Emprunts obligataires convertibles en actions
1613;Emprunts obligataires remboursables en actions
1618;Autres emprunts obligataires
162;EMPRUNTS ET DETTES AUPRES DES ETABLISSEMENTS DE CREDIT
163;AVANCES REÇUES DE L'ETAT
164;AVANCES REÇUES ET COMPTES COURANTS BLOQUES
165;DEPÔTS ET CAUTIONNEMENTS REÇUS
1651;Dépôts
1652;Cautionnements
166;INTERÊTS COURUS
1661;sur emprunts obligataires
1662;sur emprunts et dettes auprès des établissements de crédit
1663;sur avances reçues de l'Etat
1664;sur avances reçues et comptes courants bloqués
1665;sur dépôts et cautionnements reçus
1667;sur avances assorties de conditions particulières
1668;sur autres emprunts et dettes
167;AVANCES ASSORTIES DE CONDITIONS PARTICULIERES
1671;Avances bloquées pour augmentation du capital
1672;Avances conditionnées par l'Etat
1673;Avances conditionnées par les autres organismes africains
1674;Avances conditionnées par les organismes internationaux
1676;Droits du concédant exigibles en nature
168;AUTRES EMPRUNTS ET DETTES
1681;Rentes viagères capitalisées
1682;Billets de fonds
1683;Dettes consécutives à des titres empruntés
1685;Emprunts participatifs
1686;Participation des travailleurs aux bénéfices
17;Dettes de location acquisition
172;DETTES DE LOCATION ACQUISITION/CREDIT – BAIL IMMOBILIER
173;DETTES DE LOCATION ACQUISITION/ CREDIT – BAIL MOBILIER
174;DETTES DE LOCATION ACQUISITION /LOCATION VENTE
176;INTERÊTS COURUS
1762;sur dettes de location acquisition/crédit-bail immobilier
1763;sur dettes de location acquisition/crédit-bail mobilier
1764;sur dettes de location acquisition/location vente
1768;sur autres dettes de location acquisition
178;DETTES D'AUTRES CONTRATS DE LOCATION ACQUISITION
18;Dettes liées à des participations et comptes de liaison des établissements et sociétés en participation
181;DETTES LIEES A DES PARTICIPATIONS
1811;Dettes liées à des participations (groupe)
1812;Dettes liées à des participations (hors groupe)
182;DETTES LIEES A DES SOCIETES EN PARTICIPATION
183;INTERÊTS COURUS SUR DETTES LIEES A DES PARTICIPATIONS
184;COMPTES PERMANENTS BLOQUES DES ETABLISSEMENTS ET SUCCURSALES
185;COMPTES PERMANENTS NON BLOQUES DES ETABLISSEMENTS ET SUCCURSALES
186;COMPTES DE LIAISON CHARGES
187;COMPTES DE LIAISON PRODUITS
188;COMPTES DE LIAISON DES SOCIETES EN PARTICIPATION
19;Provisions pour risques et charges
191;PROVISIONS POUR LITIGES
192;PROVISIONS POUR GARANTIES DONNEES AUX CLIENTS
193;PROVISIONS POUR PERTES SUR MARCHES A ACHEVEMENT FUTUR
194;PROVISIONS POUR PERTES DE CHANGE
195;PROVISIONS POUR IMPÔTS
196;PROVISIONS POUR PENSIONS ET OBLIGATIONS SIMILAIRES
1961;Provisions pour pensions et obligations similaires – engagement de retraite
1962;Actif du régime de retraite
197;PROVISIONS POUR RESTRUCTURATION
198;AUTRES PROVISIONS POUR RISQUES ET CHARGES
1981;Provisions pour amendes et pénalités
1983;Provisions de propre assureur
1984;Provisions pour démantèlement et remise en état
1985;Provisions de droits à déduction (Chèques cadeau, cartes de fidélité…)
1988;Autres provisions pour risques et charges
2;COMPTES D'ACTIF IMMOBILISÉ
21;Immobilisations incorporelles
211;FRAIS DE DEVELOPPEMENT
212;BREVETS, LICENCES, CONCESSIONS ET DROITS SIMILAIRES
2121;Brevets
2122;Licences
2123;Concessions de service public
2128;Autres concessions et droits similaires
213;LOGICIELS ET SITES INTERNET
2131;Logiciels
2132;Sites internet
214;MARQUES
215;FONDS COMMERCIAL
216;DROIT AU BAIL
217;INVESTISSEMENTS DE CREATION
218;AUTRES DROITS ET VALEURS INCORPORELS
2181;Frais de prospection et d'évaluation de ressources minérales
2182;Coûts d'obtention du contrat
2183;Fichiers clients, notices, titres de journaux et magazines
2188;Divers droits et valeurs incorporelles
219;IMMOBILISATIONS INCORPORELLES EN COURS
2191;Frais de développement
2193;Logiciels
2198;Autres droits et valeurs incorporels
22;Terrains
221;TERRAINS AGRICOLES ET FORESTIERS
2211;Terrains d'exploitation agricole
2212;Terrains d'exploitation forestière
2218;Autres terrains
222;TERRAINS NUS
2221;Terrains à bâtir
2228;Autres terrains nus
223;TERRAINS BÂTIS
2231;pour bâtiments industriels et agricoles
2232;pour bâtiments administratifs et commerciaux
2234;pour bâtiments affectés aux autres opérations professionnelles
2235;pour bâtiments affectés aux autres opérations non professionnelles
2238;Autres terrains bâtis
224;TRAVAUX DE MISE EN VALEUR DES TERRAINS
2241;Plantations d'arbres et d'arbustes
2245;Améliorations du fonds
2248;Autres travaux
225;TERRAINS CARRIERES TREFONDS
2251;Carrières
226;TERRAINS AMENAGES
2261;Parkings
227;TERRAINS MIS EN CONCESSION
228;AUTRES TERRAINS
2281;Terrains des immeubles de placement
2285;Terrains des logements affectés au personnel
2286;Terrain location-acquisition
2288;Autres
229;AMENAGEMENTS DE TERRAINS EN COURS
2291;Terrains agricoles et forestiers
2292;Terrains nus
2295;Terrains de carrières – tréfonds
2298;Autres terrains
23;Bâtiments, installations techniques et agencements
231;BÂTIMENTS INDUSTRIELS, AGRICOLES, ADMINISTRATIFS ET COMMERCIAUX SUR SOL PROPRE
2311;Bâtiments industriels
2312;Bâtiments agricoles
2313;Bâtiments administratifs et commerciaux
2314;Bâtiments affectés au logement du personnel
2315;Immeubles de placement
2316;Bâtiments de location acquisition
232;BÂTIMENTS INDUSTRIELS AGRICOLES, ADMINISTRATIFS ET COMMERCIAUX SUR SOL D'AUTRUI
2321;Bâtiments industriels
2322;Bâtiments agricoles
2323;Bâtiments administratifs et commerciaux
2324;Bâtiments affectés au logement du personnel
2325;Immeubles de placement
2326;Bâtiment de location-acquisition
233;OUVRAGES D'INFRASTRUCTURE
2331;Voies de terre
2332;Voies de fer
2333;Voies d'eau
2334;Barrages, Digues
2335;Pistes d'aérodrome
2338;Autres
234;INSTALLATIONS TECHNIQUES
2341;Installations complexes spécialisées sur sol propre
2342;Installations complexes spécialisées sur sol d'autrui
2343;Installations à caractère spécifique sur sol propre
2344;Installations à caractère spécifique sur sol d'autrui
2345;Aménagements et agencements des bâtiments
235;AMENAGEMENTS DE BUREAUX
2351;Installations générales
2358;Autres
237;BÂTIMENTS INDUSTRIELS, AGRICOLES ET COMMERCIAUX MIS EN CONCESSION
238;AUTRES INSTALLATIONS ET AGENCEMENTS
239;BÂTIMENTS ET INSTALLATIONS EN COURS
2391;Bâtiments en cours
2392;Installations en cours
2393;Aménagements et agencements
24;Matériel, Mobilier et Actifs biologiques
241;MATERIEL ET OUTILLAGE INDUSTRIEL ET COMMERCIAL
2411;Matériel industriel
2412;Outillage industriel
2413;Matériel commercial
2414;Outillage commercial
2416;Matériel et outillage de location acquisition
242;MATERIEL ET OUTILLAGE AGRICOLE
2421;Matériel agricole
2422;Outillage agricole
2426;Matériel et outillage agricole de location – acquisition
243;MATERIEL D'EMBALLAGE RECUPERABLE ET IDENTIFIABLE
244;MATERIEL ET MOBILIER
2441;Matériel de bureau
2442;Matériel informatique
2443;Matériel bureautique
2444;Mobilier de bureau
2446;Matériel et mobilier de location – acquisition
2447;Matériel et mobilier des logements affectés au personnel
245;MATERIEL DE TRANSPORT
2451;Matériel automobile
2452;Matériel ferroviaire
2453;Matériel fluvial, lagunaire
2454;Matériel naval
2455;Matériel aérien
2456;Matériel de transport de location-acquisition
2457;Matériel hippomobile
2458;Autres (vélo, mobylette, moto)
246;ACTIFS BIOLOGIQUES
2461;Cheptel, animaux de trait
2462;Cheptel, animaux reproducteurs
2463;Animaux de garde
2465;Plantations agricoles
2468;Autres
247;AGENCEMENTS, AMENAGEMENTS DU MATERIEL ET ACTIFS BIOLOGIQUES
2471;Agencements et aménagements du matériel
2472;Agencements et aménagements des actifs biologiques
248;AUTRES MATERIELS ET MOBILIERS
2481;Collections et œuvres d'art
249;MATERIEL ET ACTIFS BIOLOGIQUES EN COURS
2491;Matériel et outillage industriel et commercial
2492;Matériel et outillage agricole
2493;Matériel d'emballage récupérable et identifiable
2494;Matériel et mobilier de bureau
2495;Matériel de transport
2496;Actifs biologiques
2497;Agencements et aménagements du matériel et des actifs biologiques
2498;Autres matériels
25;Avances et acomptes versés sur immobilisations
251;AVANCES ET ACOMPTES VERSÉS SUR IMMOBILISATIONS INCORPORELLES
252;AVANCES ET ACOMPTES VERSÉS SUR IMMOBILISATIONS CORPORELLES
26;Titres de participation
261;TITRES DE PARTICIPATION DANS DES SOCIETES SOUS CONTRÔLE EXCLUSIF
262;TITRES DE PARTICIPATION DANS DES SOCIETES SOUS CONTRÔLE CONJOINT
263;TITRES DE PARTICIPATION DANS DES SOCIETES CONFERANT UNE INFLUENCE NOTABLE
265;PARTICIPATIONS DANS DES ORGANISMES PROFESSIONNELS
266;PARTS DANS DES GROUPEMENTS D'INTERÊT ECONOMIQUE (G.I.E.)
268;AUTRES TITRES DE PARTICIPATION
27;Autres immobilisations financières
271;PRÊTS ET CREANCES
2711;Prêts participatifs
2712;Prêts aux associés
2713;Billets de fonds
2714;Créances de location financement
2715;Titres prêtés
272;PRÊTS AU PERSONNEL
2721;Prêts immobiliers
2722;Prêts mobiliers et d'installation
2728;Autres prêts (frais d'études)
273;CREANCES SUR L'ETAT
2731;Retenues de garantie
2733;Fonds réglementé
2734;Créances sur le concédant
2738;Autres
274;TITRES IMMOBILISES
2741;Titres immobilisés de l'activité de portefeuille (T.I.A.P.)
2742;Titres participatifs
2743;Certificats d'investissement
2744;Parts de fonds commun de placement (F.C.P.)
2745;Obligations
2746;Actions ou parts propres
2748;Autres titres immobilisés
275;DEPÔTS ET CAUTIONNEMENTS VERSES
2751;Dépôts pour loyers d'avance
2752;Dépôts pour l'électricité
2753;Dépôts pour l'eau
2754;Dépôts pour le gaz
2755;Dépôts pour le téléphone, le télex, la télécopie
2756;Cautionnements sur marchés publics
2757;Cautionnements sur autres opérations
2758;Autres dépôts et cautionnements
276;INTERÊTS COURUS
2761;Prêts et créances non commerciales
2762;Prêts au personnel
2763;Créances sur l'Etat
2764;Titres immobilisés
2765;Dépôts et cautionnements versés
2766;Créances de location financement
2767;Créances rattachées à des participations
2768;Immobilisations financières diverses
277;CREANCES RATTACHEES A DES PARTICIPATIONS ET AVANCES A DES G.I.E
2771;Créances rattachées à des participations (groupe)
2772;Créances rattachées à des participations (hors groupe)
2773;Créances rattachées à des sociétés en participation
2774;Avances à des groupements d'intérêt économique (G.I.E.)
278;IMMOBILISATIONS FINANCIERES DIVERSES
2781;Créances diverses groupe
2782;Créances diverses hors groupe
2784;Banques dépôt à terme
2785;Or et métaux précieux
28;Amortissements
281;AMORTISSEMENTS DES IMMOBILISATIONS INCORPORELLES
2811;Amortissements des frais de développement
2812;Amortissements des brevets, licences, concessions et droits similaires
2813;Amortissements des logiciels et sites internet
2814;Amortissements des marques
2815;Amortissements du fonds commercial
2816;Amortissements du droit au bail
2817;Amortissements des investissements de création
2818;Amortissements des autres droits et valeurs incorporels
282;AMORTISSEMENTS DES TERRAINS
2821;Amortissements des terrains agricoles et forestiers
2824;Amortissements des travaux de mise en valeur des terrains
2825;Amortissements des terrains de gisement
283;AMORTISSEMENTS DES BÂTIMENTS, INSTALLATIONS TECHNIQUES ET AGENCEMENTS
2831;Amortissements des bâtiments industriels, agricoles, administratifs et commerciaux sur sol propre
2832;Amortissements des bâtiments industriels, agricoles, administratifs et commerciaux sur sol d'autrui
2833;Amortissements des ouvrages d'infrastructure
2834;Amortissements des aménagements, agencements et installations techniques
2835;Amortissements des aménagements de bureaux
2837;Amortissements de bâtiments industriels, agricoles et commerciaux mis en concession
2838;Amortissements des autres installations et agencements
284;AMORTISSEMENTS DU MATERIEL
2841;Amortissements du matériel et outillage industriel et commercial
2842;Amortissements du matériel et outillage agricole
2843;Amortissements du matériel d'emballage récupérable et identifiable
2844;Amortissements du matériel et mobilier
2845;Amortissements du matériel de transport
2846;Amortissements des actifs biologiques
2847;Amortissements des agencements et aménagements du matériel et des actifs biologiques
2848;Amortissements des autres matériels
29;Dépréciations
291;DEPRECIATIONS DES IMMOBILISATIONS NCORPORELLES
2911;Dépréciations des frais de développement
2912;Dépréciations des brevets, licences, marques concessions et droits similaires
2913;Dépréciations des logiciels et sites internet
2914;Dépréciations des marques
2915;Dépréciations du fonds commercial
2916;Dépréciations du droit au bail
2917;Dépréciations des investissements de création
2918;Dépréciations des autres droits et valeurs incorporels
2919;Dépréciations des immobilisations incorporelles en cours
292;DEPRECIATIONS DES TERRAINS
2921;Dépréciations des terrains agricoles et forestiers
2922;Dépréciations des terrains nus
2923;Dépréciations des terrains bâtis
2924;Dépréciations des travaux de mise en valeur des terrains
2925;Dépréciations des terrains de gisement
2926;Dépréciations des terrains aménagés
2927;Dépréciations des terrains mis en concession
2928;Dépréciations des autres terrains
2929;Dépréciations des aménagements de terrains en cours
293;DEPRECIATIONS DES BÂTIMENTS, INSTALLATIONS TECHNIQUES ET AGENCEMENTS
2931;Dépréciations des bâtiments industriels, agricoles, administratifs et commerciaux sur sol propre
2932;Dépréciations des bâtiments industriels, agricoles, administratifs et commerciaux sur sol d'autrui
2933;Dépréciations des ouvrages d'infrastructures
2934;Dépréciations des aménagements, agencements et installations techniques
2935;Dépréciations des aménagements de bureaux
2937;Dépréciations des bâtiments industriels, agricoles et commerciaux mis en concession
2938;Dépréciations des autres installations et agencements
2939;Dépréciations des bâtiments et installations en cours
294;DEPRECIATIONS DU MATERIEL, DU MOBILIER ET DE L'ACTIF BIOLOGIQUE
2941;Dépréciations du matériel et outillage industriel et commercial
2942;Dépréciations du matériel et outillage agricole
2943;Dépréciations du matériel d'emballage récupérable et identifiable
2944;Dépréciations du matériel et mobilier
2945;Dépréciations du matériel de transport
2946;Dépréciations des actifs biologiques
2947;Dépréciations des agencements et aménagements du matériel et des actifs biologiques
2948;Dépréciations des autres matériels
2949;Dépréciations du matériel en cours
295;DEPRECIATIONS DES AVANCES ET ACOMPTES VERSES SUR IMMOBILISATIONS
2951;Dépréciations des avances et acomptes versés sur immobilisations incorporelles
2952;Dépréciations des avances et acomptes versés sur immobilisations corporelles
296;DEPRECIATIONS DES TITRES DE PARTICIPATION
2961;Dépréciations des titres de participation dans des sociétés sous contrôle exclusif
2962;Dépréciations des titres de participation dans les sociétés sous contrôle conjoint
2963;Dépréciations des titres de participation dans les sociétés conférant une influence notable
2965;Dépréciations des participations dans des organismes professionnels
2966;Dépréciations des parts dans des G.I.E
2968;Dépréciations des autres titres de participation
297;DEPRECIATIONS DES AUTRES IMMOBILISATIONS FINANCIERES
2971;Dépréciations des prêts et créances
2972;Dépréciations des prêts au personnel
2973;Dépréciations des créances sur l'Etat
2974;Dépréciations des titres immobilisés
2975;Dépréciations des dépôts et cautionnements versés
2977;Dépréciations des créances rattachées à des participations et avances à des G.I.E
2978;Dépréciations des créances financières diverses
3;COMPTES DE STOCKS
31;Marchandises
311;MARCHANDISES A
3111;Marchandises A1
3112;Marchandises A2
312;MARCHANDISES B
3121;Marchandises B1
3122;Marchandises B2
318;MARCHANDISES HORS ACTIVITES ORDINAIRES (H.A.O.)
32;Matières premières et fournitures liées
321;MATIERES A
322;MATIERES B
323;FOURNITURES (A, B)
33;AUTRES APPROVISIONNEMENTS
331;MATIERES CONSOMMABLES
333;FOURNITURES DE MAGASIN
334;FOURNITURES DE BUREAU
335;EMBALLAGES
3351;Emballages perdus
3352;Emballages récupérables non identifiables
3353;Emballages à usage mixte
3358;Autres emballages
338;AUTRES MATIERES
34;Produits en cours
341;PRODUITS EN COURS
3411;Produits en cours P1
3412;Produits en cours P2
342;TRAVAUX EN COURS
3421;Travaux en cours T1
3422;Travaux en cours T2
343;PRODUITS INTERMEDIAIRES EN COURS
3431;Produits intermédiaires A
3432;Produits intermédiaires B
344;PRODUITS RESIDUELS EN COURS
3441;Produits résiduels A
3442;Produits résiduels B
35;Services en cours
351;ETUDES EN COURS
3511;Etudes en cours E1
3512;Etudes en cours E2
352;PRESTATIONS DE SERVICES EN COURS
3521;Prestations de services S1
3522;Prestations de services S2
36;Produits finis
361;PRODUITS FINIS A
362;PRODUITS FINIS B
37;Produits intermédiaires et résiduels
371;PRODUITS INTERMEDIAIRES
3711;Produits intermédiaires A
3712;Produits intermédiaires B
372;PRODUITS RESIDUELS
3721;Déchets
3722;Rebuts
3723;Matières de récupération
38;Stocks en cours de route, en consignation ou en dépôt
381;MARCHANDISES EN COURS DE ROUTE
382;MATIERES PREMIERES ET FOURNITURES LIEES EN COURS DE ROUTE
383;AUTRES APPROVISIONNEMENTS EN COURS DE ROUTE
386;PRODUITS FINIS EN COURS DE ROUTE
387;STOCK EN CONSIGNATION OU EN DEPÔT
3871;Stock en consignation
3872;Stock en dépôt
388;STOCK PROVENANT D'IMMOBILISATIONS MISES HORS SERVICE OU AU REBUT
39;Dépréciations des stocks et encours de production
391;DEPRECIATIONS DES STOCKS DE MARCHANDISES
392;DEPRECIATIONS DES STOCKS DE MATIERES PREMIERES ET FOURNITURES LIEES
393;DEPRECIATIONS DES STOCKS D'AUTRES APPROVISIONNEMENTS
394;DEPRECIATIONS DES PRODUITS EN COURS
395;DEPRECIATIONS DES SERVICES EN COURS
396;DEPRECIATIONS DES STOCKS DE PRODUITS FINIS
397;DEPRECIATIONS DES STOCKS DE PRODUITS INTERMEDIAIRES ET RESIDUELS
398;DEPRECIATIONS DES STOCKS EN COURS DE ROUTE, EN CONSIGNATION OU EN DEPÔT
4;COMPTES DE TIERS
40;Fournisseurs et comptes rattachés
401;FOURNISSEURS, DETTES EN COMPTE
4011;Fournisseurs
4012;Fournisseurs-Groupe
4013;Fournisseurs sous-traitants
4017;Fournisseurs, retenues de garantie
402;FOURNISSEURS, EFFETS A PAYER
4021;Fournisseurs, Effets à payer
4022;Fournisseurs-Groupe, Effets à payer
4023;Fournisseurs sous-traitants, Effets à payer
408;FOURNISSEURS, FACTURES NON PARVENUES
4081;Fournisseurs
4082;Fournisseurs-Groupe
4083;Fournisseurs sous-traitants
4086;Fournisseurs, intérêts courus
409;FOURNISSEURS DEBITEURS
4091;Fournisseurs, avances et acomptes versés
4092;Fournisseurs-Groupe, avances et acomptes versés
4093;Fournisseurs sous-traitants, avances et acomptes versés
4094;Fournisseurs, créances pour emballages et matériels à rendre
4098;Rabais, Remises, Ristournes et autres avoirs à obtenir
41;Clients et comptes rattachés
411;CLIENTS
4111;Clients
4112;Clients-Groupe
4114;Clients, Etat et collectivités publiques
4115;Clients, organismes internationaux
4116;Clients ventes avec réserves de propriété
4117;Clients, retenues de garantie
4118;Clients, dégrèvements de Taxes sur la Valeur Ajoutée (T.V.A.)
412;CLIENTS, EFFETS A RECEVOIR EN PORTEFEUILLE
4121;Clients, Effets à recevoir
4122;Clients-Groupe, Effets à recevoir
4124;Etat et collectivités publiques, Effets à recevoir
4125;Organismes internationaux, Effets à recevoir
4126;clients ventes avec réserves de propriété, effets à recevoir
414;CREANCES SUR CESSIONS COURANTES D'IMMOBILISATIONS
4141;Créances en compte
4142;Effets à recevoir
415;CLIENTS, EFFETS ESCOMPTES NON ECHUS
416;CREANCES CLIENTS LITIGIEUSES OU DOUTEUSES
4161;Créances litigieuses
4162;Créances douteuses
418;CLIENTS, PRODUITS A RECEVOIR
4181;Clients, factures à établir
4186;Clients, intérêts courus
419;CLIENTS CREDITEURS
4191;Clients, avances et acomptes reçus
4192;Clients-Groupe, avances et acomptes reçus
4194;Clients, dettes pour emballages et matériels consignés
4198;Rabais, Remises, Ristournes et autres avoirs à accorder
42;Personnel
421;PERSONNEL, AVANCES ET ACOMPTES
4211;Personnel, avances
4212;Personnel, acomptes
4213;Frais avancés et fournitures au personnel
422;PERSONNEL, REMUNERATIONS DUES
423;PERSONNEL, OPPOSITIONS, SAISIES-ARRÊTS
4231;Personnel, oppositions
4232;Personnel, saisies-arrêts
4233;Personnel, avis à tiers détenteur
424;PERSONNEL,ŒUVRES SOCIALES INTERNES
4241;Assistance médicale
4242;Allocations familiales
4245;Organismes sociaux rattachés à l'entité
4248;Autres œuvres sociales internes
425;REPRESENTANTS DU PERSONNEL
4251;Délégués du personnel
4252;Syndicats et Comités d'entreprise, d'établissement
4258;Autres représentants du personnel
426;PERSONNEL, PARTICIPATION AUX BENEFICES ET AU CAPITAL
4261;Participation aux bénéfices
4264;Participation au capital
427;PERSONNEL-DEPÔTS
428;PERSONNEL, CHARGES A PAYER ET PRODUITS A RECEVOIR
4281;Dettes provisionnées pour congés à payer
4286;Autres charges à payer
4287;Produits à recevoir
43;Organismes sociaux
431;SECURITE SOCIALE
4311;Prestations familiales
4312;Accidents du travail
4313;Caisse de retraite obligatoire
4314;Caisse de retraite facultative
4318;Autres cotisations sociales
432;CAISSES DE RETRAITE COMPLEMENTAIRE
433;AUTRES ORGANISMES SOCIAUX
4331;Mutuelle
4332;Assurances retraite
4333;Assurances et organismes de santé
438;ORGANISMES SOCIAUX, CHARGES A PAYER ET PRODUITS A RECEVOIR
4381;Charges sociales sur gratifications à payer
4382;Charges sociales sur congés à payer
4386;Autres charges à payer
4387;Produits à recevoir
44;Etat et Collectivités publiques
441;ETAT, IMPÔT SUR LES BENEFICES
442;ETAT, AUTRES IMPÔTS ET TAXES
4421;Impôts et taxes d'Etat
4422;Impôts et taxes pour les collectivités publiques
4423;Impôts et taxes recouvrables sur des obligataires
4424;Impôts et taxes recouvrables sur des associés
4426;Droits de douane
4428;Autres impôts et taxes
443;ETAT, T.V.A. FACTUREE
4431;T.V.A. facturée sur ventes
4432;T.V.A. facturée sur prestations de services
4433;T.V.A. facturée sur travaux
4434;T.V.A. facturée sur production livrée à soi-même
4435;T.V.A. sur factures à établir
444;ETAT, T.V.A. DUE OU CREDIT DE T.V.A
4441;Etat, T.V.A. due
4449;Etat, crédit de T.V.A. à reporter
445;ETAT, T.V.A. RECUPERABLE
4451;T.V.A. récupérable sur immobilisations
4452;T.V.A. récupérable sur achats
4453;T.V.A. récupérable sur transport
4454;T.V.A. récupérable sur services extérieurs et autres charges
4455;T.V.A. récupérable sur factures non parvenues
4456;T.V.A. transférée par d'autres entités
446;ETAT, AUTRES TAXES SUR LE CHIFFRE D'AFFAIRES
447;ETAT, IMPÔTS RETENUS A LA SOURCE
4471;Impôt général sur le revenu
4472;Impôts sur salaires
4473;Contribution nationale
4474;Contribution nationale de solidarité
4478;Autres impôts et contributions
448;ETAT, CHARGES A PAYER ET PRODUITS A RECEVOIR
4486;Charges à payer
4487;Produits à recevoir
449;ETAT, CREANCES ET DETTES DIVERSES
4491;Etat, obligations cautionnées
4492;Etat, avances et acomptes versés sur impôts
4493;Etat, fonds de dotation à recevoir
4494;Etat, subventions d'équipement à recevoir
4495;Etat, subventions d'exploitation à recevoir
4496;Etat, subventions d'équilibre à recevoir
4497;Etat avances sur subventions
4499;Etat, fonds réglementé provisionné
45;Organismes internationaux
451;OPERATIONS AVEC LES ORGANISMES AFRICAINS
452;OPERATIONS AVEC LES AUTRES ORGANISMES INTERNATIONAUX
458;ORGANISMES INTERNATIONAUX, FONDS DE DOTATION ET SUBVENTIONS A RECEVOIR
4581;Organismes internationaux, fonds de dotation à recevoir
4582;Organismes internationaux, subventions à recevoir
46;Apporteurs, Associés et Groupe
461;APPORTEURS, OPERATIONS SUR LE CAPITAL
4611;Apporteurs, apports en nature
4612;Apporteurs, apports en numéraire
4613;Apporteurs, capital souscrit appelé non versé
4614;Apporteurs, capital appelé non versé
4615;Apporteurs, versements reçus sur augmentation de capital
4616;Apporteurs, versements anticipés
4617;Apporteurs défaillants
4618;Apporteurs, autres apports
4619;Apporteurs, capital à rembourser
462;ASSOCIES , COMPTES COURANTS
4621;Principal
4626;Intérêts courus
463;ASSOCIES , OPERATIONS FAITES EN COMMUN
465;ASSOCIES , DIVIDENDES A PAYER
466;GROUPE, COMPTES COURANTS
467;APPORTEURS, RESTANT DÛ SUR CAPITAL APPELE
47;Débiteurs et créditeurs divers
471;DEBITEURS ET CREDITEURS DIVERS
4711;Débiteurs divers
4712;Créditeurs divers
4713;Obligataires
4714;Créances sur cessions de titres de placement
4715;Rémunérations d'administrateurs
4716;Compte du factor
4717;Débiteurs divers – retenues de garantie
4718;Apport, compte de restructuration
4719;Bons de souscription d'actions et d'obligations
472;VERSEMENTS RESTANT A EFFECTUER SUR TITRES DE PLACEMENT NON LIBERES
473;INTERMEDIAIRES – OPERATIONS FAITES POUR LE COMPTE DE TIERS
4731;Mandants
4732;Mandataires
4733;Commettants
4734;Commissionnaires
474;REPARTITION PERIODIQUE DES CHARGES ET DES PRODUITS
4746;Charges
4747;Produits
475;COMPTE TRANSITOIRE, AJUSTEMENT SPECIAL LIE A LA REVISION SYSCOHADA
4751;Compte actif
4752;Compte passif
476;CHARGES CONSTATEES D'AVANCE
477;PRODUITS CONSTATES D'AVANCE
478;ECARTS DE CONVERSION-ACTIF
4781;Diminution des créances
4782;Augmentation des dettes
4788;Différences compensées par couverture de change
479;ECARTS DE CONVERSION – PASSIF
4791;Augmentation des créances
4792;Diminution des dettes
4798;Différences compensées par couverture de change
48;Créances et dettes hors activités ordinaires
481;FOURNISSEURS D'INVESTISSEMENTS
4811;Immobilisations incorporelles
4812;Immobilisations corporelles
4813;Versements restant à effectuer sur titres de participation et titres immobilisés non libérés
4817;Retenues de garantie
4818;Factures non parvenues
482;FOURNISSEURS D'INVESTISSEMENTS EFFETS A PAYER
484;AUTRES DETTES HORS ACTIVITES ORDINAIRES (H.A.O.)
485;CREANCES SUR CESSIONS D'IMMOBILISATIONS
4851;en compte
4852;Effets à recevoir
4857;Retenues de garantie
4858;Factures à établir
488;AUTRES CREANCES HORS ACTIVITES ORDINAIRES (H.A.O.)
49;Dépréciations et provisions pour risques à court terme (Tiers)
490;DÉPRÉCIATIONS DES COMPTES FOURNISSEURS
491;DEPRECIATIONS DES COMPTES CLIENTS
4911;Créances litigieuses
4912;Créances douteuses
492;DEPRECIATIONS DES COMPTES PERSONNEL
493;DEPRECIATIONS DES COMPTES ORGANISMES SOCIAUX
494;DÉPRÉCIATIONS DES COMPTES ÉTAT ET COLLECTIVITÉS PUBLIQUES
495;DEPRECIATIONS DES COMPTES ORGANISMES INTERNATIONAUX
496;DEPRECIATIONS DES COMPTES APPORTEURS ASSOCIES ET GROUPE
4962;Associés, comptes courants
4963;Associés, opérations faites en commun
4966;Groupe, comptes courants
497;DEPRECIATIONS DES COMPTES DEBITEURS DIVERS
498;DEPRECIATIONS DES COMPTES DE CREANCES H.A.O.
4981;Créances sur cessions d'immobilisations
4982;Créances sur cessions de titres de placement
4983;Autres créances H.A.O.
499;PROVISIONS POUR RISQUES A COURT TERME
4991;sur opérations d'exploitation
4998;sur opérations H.A.O.
5;COMPTES DE TRÉSORERIE
50;Titres de placement
501;TITRES DU TRESOR ET BONS DE CAISSE A COURT TERME
5011;Titres du Trésor à court terme
5012;Titres d'organismes financiers
5013;Bons de caisse à court terme
5016;Frais d'acquisition des titres du trésor et bons de caisse
502;ACTIONS
5021;Actions ou parts propres
5022;Actions cotées
5023;Actions non cotées
5024;Actions démembrées (certificats d'investissement ; droits de vote)
5025;Autres actions
5026;Frais d'acquisition des actions
503;OBLIGATIONS
5031;Obligations émises par la société et rachetées par elle
5032;Obligations cotées
5033;Obligations non cotées
5035;Autres obligations
5036;Frais d'acquisition des obligations
504;BONS DE SOUSCRIPTION
5042;Bons de souscription d'actions
5043;Bons de souscription d'obligations
505;TITRES NEGOCIABLES HORS REGION
506;INTERÊTS COURUS
5061;Titres du Trésor et bons de caisse à court terme
5062;Actions
5063;Obligations
508;AUTRES VALEURS ASSIMILEES
51;Valeurs à encaisser
511;EFFETS A ENCAISSER
512;EFFETS A L'ENCAISSEMENT
513;CHEQUES A ENCAISSER
514;CHEQUES A L'ENCAISSEMENT
515;CARTES DE CREDIT A ENCAISSER
518;AUTRES VALEURS A L'ENCAISSEMENT
5181;Warrants
5182;Billets de fonds
5185;Chèques de voyage
5186;Coupons échus
5187;Intérêts échus des obligations
52;Banques
521;BANQUES LOCALES
5211;Banque X
5212;Banque Y
522;BANQUES AUTRES ETATS REGION
523;BANQUES AUTRES ETATS ZONE MONETAIRE
524;BANQUES HORS ZONE MONETAIRE
525;BANQUES DEPOT A TERME
526;BANQUES, INTERET COURUS
53;Etablissements financiers et assimilés
531;CHEQUES POSTAUX
532;TRESOR
533;SOCIETES DE GESTION ET D'INTERMEDIATION (S.G.I.)
536;ETABLISSEMENTS FINANCIERS, INTERETS COURUS
5361;Etablissements financiers, intérêts courus, charges à payer
5367;Etablissements financiers, intérêts courus produits à recevoir
538;AUTRES ORGANISMES FINANCIERS
54;INSTRUMENTS DE TRÉSORERIE
541;OPTIONS DE TAUX D'INTERÊT
542;OPTIONS DE TAUX DE CHANGE
543;OPTIONS DE TAUX BOURSIERS
544;INSTRUMENTS DE MARCHES A TERME
545;AVOIRS D'OR ET AUTRES METAUX PRECIEUX
55;Instruments de monnaie électronique
551;MONNAIE ELECTRONIQUE – CARTE CARBURANT
552;MONNAIE ELECTRONIQUE – TELEPHONE PORTABLE
553;MONNAIE ELECTRONIQUE – CARTE PEAGE
554;PORTE-MONNAIE ELECTRONIQUE
5561;Banques, intérêts courus, charges à payer
558;AUTRES INSTRUMENTS DE MONNAIE ELECTRONIQUE
56;Banques, crédits de trésorerie et d'escompte
561;CREDITS DE TRESORERIE
564;ESCOMPTE DE CREDITS DE CAMPAGNE
565;ESCOMPTE DE CREDITS ORDINAIRES
566;CREDITS DE TRESORERIE, INTERETS COURUS
5667;Banques, intérêts courus, produits à recevoir
57;Caisse
571;CAISSE SIEGE SOCIAL
5711;Caisse en monnaie nationale
5712;en devises
572;CAISSE SUCCURSALE A
5721;en monnaie nationale
5722;en devises
573;CAISSE SUCCURSALE B
5731;en monnaie nationale
5732;en devises
58;Régies d'avances, accréditifs et virements internes
581;REGIES D'AVANCE
582;ACCREDITIFS
585;VIREMENTS DE FONDS
588;AUTRES VIREMENTS INTERNES
59;Dépréciations et provisions pour risques à court terme (Trésorerie)
590;DÉPRÉCIATIONS DES TITRES DE PLACEMENT
591;DEPRECIATIONS DES TITRES ET VALEURS A ENCAISSER
592;DEPRECIATIONS DES COMPTES BANQUES
593;DEPRECIATIONS DES COMPTES ETABLISSEMENTS FINANCIERS ET ASSIMILES
594;DEPRECIATIONS DES COMPTES D'INSTRUMENTS DE TRESORERIE
599;PROVISIONS POUR RISRQUES A COURT TERME A CARACTERE FINANCIER
6;COMPTES DE CHARGES DES ACTIVITÉS ORDINAIRES
60;(sauf 603) Achats
601;ACHATS DE MARCHANDISES
6011;dans la Région
6012;hors Région
6013;aux entités du groupe dans la Région
6014;aux entités du groupe hors Région
6015;Frais sur achats
6019;Rabais, Remises et Ristournes obtenus (non ventilés)
602;ACHATS DE MATIERES PREMIERES ET FOURNITURES LIEES
6021;dans la Région
6022;hors Région
6023;aux entités du groupe dans la Région
6024;aux entités du groupe hors Région
6025;Frais sur Achats
6029;Rabais, Remises et Ristournes obtenus (non ventilés)
603;VARIATIONS DES STOCKS DE BIENS ACHETÉS
6031;Variations des stocks de marchandises
6032;Variations des stocks de matières premières et fournitures liées
6033;Variations des stocks d'autres approvisionnements
604;ACHATS STOCKES DE MATIERES ET FOURNITURES CONSOMMABLES
6041;Matières consommables
6042;Matières combustibles
6043;Produits d'entretien
6044;Fournitures d'atelier et d'usine
6045;Frais sur Achats
6046;Fournitures de magasin
6047;Fournitures de bureau
6049;Rabais, Remises et Ristournes obtenus (non ventilés)
605;AUTRES ACHATS
6051;Fournitures non stockables-Eau
6052;Fournitures non stockables – Electricité
6053;Fournitures non stockables – Autres énergies
6054;Fournitures d'entretien non stockables
6055;Fournitures de bureau non stockables
6056;Achats de petit matériel et outillage
6057;Achats d'études et prestations de service
6058;Achats de travaux, matériels et équipements
6059;Rabais, Remises et Ristournes obtenus (non ventilés)
608;ACHATS D'EMBALLAGES
6081;Emballages perdus
6082;Emballages récupérables non identifiables
6083;Emballages à usage mixte
6085;Frais sur achats
6089;Rabais, Remises et Ristournes obtenus (non ventilés)
61;Transports
611;TRANSPORTS SUR ACHATS
612;TRANSPORTS SUR VENTES
613;TRANSPORTS POUR LE COMPTE DE TIERS
614;TRANSPORTS DU PERSONNEL
616;TRANSPORT DE PLIS
618;AUTRES FRAIS DE TRANSPORT
6181;Voyages et déplacements
6182;Transports entre établissements ou chantiers
6183;Transports entre établissements ou chantiers
62;SERVICES EXTÉRIEURS
621;SOUS-TRAITANCE GENERALE
622;LOCATIONS ET CHARGES LOCATIVES
6221;Locations de terrains
6222;Locations de bâtiments
6223;Locations de matériels et outillages
6224;Malis sur emballages
6225;Locations d'emballages
6226;Fermages et loyers du foncier
6228;Locations et charges locatives diverses
623;REDEVANCES DE LOCATION ACQUISITION
6232;Crédit-bail immobilier
6233;Crédit-bail mobilier
6234;location vente
6235;Autres contrats de location acquisition
624;ENTRETIEN, REPARATIONS ET MAINTENANCE
6241;Entretien et réparations des biens immobiliers
6242;Entretien et réparations des biens mobiliers
6243;Maintenance
6248;Autres entretiens et réparations
625;PRIMES D'ASSURANCE
6251;Assurances multirisques
6252;Assurances matériel de transport
6253;Assurances risques d'exploitation
6254;Assurances responsabilité du producteur
6255;Assurances insolvabilité clients
6257;Assurances transports sur ventes
6258;Autres primes d'assurances
626;ETUDES, RECHERCHES ET DOCUMENTATION
6261;Etudes et recherches
6265;Documentation générale
6266;Documentation technique
627;PUBLICITE, PUBLICATIONS, RELATIONS PUBLIQUES
6271;Annonces, insertions
6272;Catalogues, imprimés publicitaires
6273;Echantillons
6274;Foires et expositions
6275;Publications
6276;Cadeaux à la clientèle
6277;Frais de colloques, séminaires, conférences
6278;Autres charges de publicité et relations publiques
628;FRAIS DE TELECOMMUNICATIONS
6281;Frais de téléphone
6282;Frais de télex
6283;Frais de télécopie
6288;Autres frais de télécommunications
63;AUTRES SERVICES EXTÉRIEURS
631;FRAIS BANCAIRES
6311;Frais sur titres (, vente, garde)
6312;Frais sur effets
6313;Location de coffres
6314;Commissions d' affacturage
6315;Commissions sur cartes de crédit
6316;Frais d'émission d'emprunts
6317;Frais sur instruments monétaires électroniques
6318;Autres frais bancaires
632;REMUNERATIONS D'INTERMEDIAIRES ET DE CONSEILS
6322;Commissions et courtages sur ventes
6324;Honoraires des professions règlementées
6325;Frais d'actes et de contentieux
6327;Rémunérations des autres prestataires de services
6328;Divers frais
633;FRAIS DE FORMATION DU PERSONNEL
634;REDEVANCES POUR BREVETS, LICENCES, MARQUES, LOGICIELS, SITES, CONCESSIONS ET DROITS ET VALEURS SIMILAIRES
6342;Redevances pour brevets, licences
6343;Redevances pour logiciels
6344;Redevances pour marques
6345;Redevances pour sites
6346;Redevances pour concessions, droits et valeurs similaires
635;COTISATIONS
6351;Cotisations
6358;Concours divers
637;REMUNERATIONS DE PERSONNEL EXTERIEUR A L'ENTITE
6371;Personnel intérimaire
6372;Personnel détaché ou prêté à l'entité
638;AUTRES CHARGES EXTERNES
6381;Frais de recrutement du personnel
6382;Frais de déménagement
6383;Réceptions
6384;Missions
64;Impôts et taxes
641;IMPÔTS ET TAXES DIRECTS
6411;Impôts fonciers et taxes annexes
6412;Patentes, licences et taxes annexes
6413;Taxes sur appointements et salaires
6414;Taxes d'apprentissage
6415;Formation professionnelle continue
6418;Autres impôts et taxes directs
645;IMPÔTS ET TAXES INDIRECTS
646;DROITS D'ENREGISTREMENT
6461;Droits de mutation
6462;Droits de timbre
6463;Taxes sur les véhicules de société
6464;Vignettes
6468;Autres droits
647;PENALITES ET AMENDES FISCALES
6471;Pénalités d'assiette, impôts directs
6472;Pénalités d'assiette, impôts indirects
6473;Pénalités de recouvrement, impôts directs
6474;Pénalités de recouvrement, impôts indirects
6478;Autres amendes pénales et fiscales
648;AUTRES IMPÔTS ET TAXES
65;Autres charges (sauf 659)
651;PERTES SUR CREANCES CLIENTS ET AUTRES DEBITEURS
6511;Clients
6515;Autres débiteurs
652;QUOTE-PART DE RESULTAT SUR OPERATIONS FAITES EN COMMUN
6521;Quote-part transférée de bénéfices (comptabilité du gérant)
6525;Pertes imputées par transfert (comptabilité des associés non gérants)
654;VALEURS COMPTABLES DES CESSIONS COURANTES D'IMMOBILISATIONS
658;CHARGES DIVERSES
6581;Indemnités de fonction et autres rémunérations d'administrateurs
6582;Dons
6583;Mécénat
6588;Autres charges diverses
659;CHARGES POUR DÉPRÉCIATIONS ET PROVISIONS POUR RISQUES A COURT TERME D'EXPLOITATION
6591;sur risques à court terme
6593;sur stocks
6594;sur créances
6598;Autres charges pour dépréciations et provisions pour risques à court terme
66;CHARGES DE PERSONNEL
661;REMUNERATIONS DIRECTES VERSEES AU PERSONNEL NATIONAL
6611;Appointements, salaires et commissions
6612;Primes et gratifications
6613;Congés payés
6614;Indemnités de préavis, de licenciement et de recherche d'embauche
6615;Indemnités de maladie versées aux travailleurs
6616;Supplément familial
6617;Avantages en nature
6618;Autres rémunérations directes
662;REMUNERATIONS DIRECTES VERSEES AU PERSONNEL NON NATIONAL
6621;Appointements, salaires et commissions
6622;Primes et gratifications
6623;Congés payés
6624;Indemnités de préavis, de licenciement et de recherche d'embauche
6625;Indemnités de maladie versées aux travailleurs
6626;Supplément familial
6627;Avantages en nature
6628;Autres rémunérations directes
663;INDEMNITES FORFAITAIRES VERSEES AU PERSONNEL
6631;Indemnités de logement
6632;Indemnités de représentation
6633;Indemnités d'expatriation
6638;Autres indemnités et avantages divers
664;CHARGES SOCIALES
6641;Charges sociales sur rémunération du personnel national
6642;Charges sociales sur rémunération du personnel non national
666;RÉMUNÉRATION ET CHARGES SOCIALES DE L'EXPLOITANT INDIVIDUEL
6661;Rémunération du travail de l'exploitant
6662;Charges sociales
667;RÉMUNÉRATION TRANSFÉRÉE DE PERSONNEL EXTÉRIEUR
6671;Personnel intérimaire
6672;Personnel détaché ou prêté à l'entité
668;AUTRES CHARGES SOCIALES
6681;Versements aux Syndicats et Comités d'entreprise, d'établissement
6682;Versements aux Comités d'hygiène et de sécurité
6683;Versements aux autres œuvres sociales
6684;Médecine du travail et pharmacie
6685;Assurances et organismes de santé
6686;Assurances retraite et fonds de pension
67;Frais financiers et charges assimilées
671;INTERÊTS DES EMPRUNTS
6711;Emprunts obligataires
6712;Emprunts auprès des établissements de crédit
6713;Dettes liées à des participations
6714;Primes de remboursement des obligations
672;INTERÊTS DANS LOYERS DE LOCATION ACQUISITION
6721;Intérêts dans loyers de location acquisition / crédit-bail immobilier
6722;Intérêts dans loyers de location acquisition / crédit-bail mobilier
6723;Intérêts dans loyers de location acquisition / location vente
6724;Intérêts dans loyers des autres contrats
673;ESCOMPTES ACCORDES
674;AUTRES INTERÊTS
6741;Avances reçues et dépôts créditeurs
6742;Comptes courants bloqués
6743;Intérêts sur obligations cautionnées
6744;Intérêts sur dettes commerciales
6745;Intérêts bancaires et sur opérations de trésorerie et d'escompte
6748;Intérêts sur dettes diverses
675;ESCOMPTES DES EFFETS DE COMMERCE
676;PERTES DE CHANGE
677;PERTES SUR TITRES DE PLACEMENT
6771;Pertes sur cessions de titres de placement
6772;Malis provenant d'attribution gratuite d'actions au personnel salarié et aux dirigeants
678;PERTES SUR RISQUES FINANCIERS
6781;sur rentes viagères
6782;sur opérations financières
6784;sur instruments de trésorerie
679;CHARGES POUR DEPRECIATIONS ET PROVISIONS POUR RISQUES A COURT TERME FINANCIERES
6791;Charges pour dépréciations et provisions pour risques à court terme financières
6795;sur titres de placement
6798;Autres charges pour dépréciations et provisions pour risques à court terme financières
68;Dotations aux amortissements
681;DOTATIONS AUX AMORTISSEMENTS D'EXPLOITATION
6812;Dotations aux amortissements des immobilisations incorporelles
6813;Dotations aux amortissements des immobilisations corporelles
687;DOTATIONS AUX AMORTISSEMENTS A CARACTERE FINANCIER
69;Dotations aux provisions et aux dépréciations
691;DOTATIONS AUX PROVISIONS ET AUX DEPRECIATIONS D'EXPLOITATION
6911;pour risques et charges
6913;des immobilisations incorporelles
6914;des immobilisations corporelles
697;DOTATIONS AUX PROVISIONS ET AUX DEPRECIATIONS FINANCIERES
6971;pour risques et charges
6972;des immobilisations financières
7;COMPTES DE PRODUITS DES ACTIVITÉS ORDINAIRES
70;Ventes
701;VENTES DE MARCHANDISES
7011;dans la Région
7012;hors Région
7013;aux entités du groupe dans la Région
7014;aux entités du groupe hors Région
7015;sur internet
702;VENTES DE PRODUITS FINIS
7021;dans la Région
7022;hors Région
7023;aux entités du groupe dans la Région
7024;aux entités du groupe hors Région
7025;sur internet
703;VENTES DE PRODUITS INTERMEDIAIRES
7031;dans la Région
7032;hors Région
7033;aux entités du groupe dans la Région
7034;aux entités du groupe hors Région
7035;sur internet
704;VENTES DE PRODUITS RESIDUELS
7041;dans la Région
7042;hors Région
7043;aux entités du groupe dans la Région
7044;aux entités du groupe hors Région
7045;sur internet
705;TRAVAUX FACTURES
7051;dans la Région
7052;hors Région
7053;aux entités du groupe dans la Région
7054;aux entités du groupe hors Région
7055;sur internet
706;SERVICES VENDUS
7061;dans la Région
7062;hors Région
7063;aux entités du groupe dans la Région
7064;aux entités du groupe hors Région
7065;sur internet
707;PRODUITS ACCESSOIRES
7071;Ports, emballages perdus et autres frais facturés
7072;Commissions et courtages
7073;Locations
7074;Bonis sur reprises et cessions d'emballage
7075;Mise à disposition de personnel
7076;Redevances pour brevets, logiciels, marques et droits similaires
7077;Services exploités dans l'intérêt du personnel
7078;Autres produits accessoires
71;Subventions d'exploitation
711;SUR PRODUITS A L'EXPORTATION
712;SUR PRODUITS A L'IMPORTATION
713;SUR PRODUITS DE PEREQUATION
718;AUTRES SUBVENTIONS D'EXPLOITATION
7181;Versées par l'Etat et les collectivités publiques
7182;Versées par les organismes internationaux
7183;Versées par des tiers
72;Production immobilisée
721;Immobilisations incorporelles
722;Immobilisations corporelles
724;Production auto-consommée
726;Immobilisations financières
73;Variations des stocks de biens et services produits
734;VARIATIONS DES STOCKS DE PRODUITS EN COURS
7341;Produits en cours
7342;Travaux en cours
735;VARIATIONS DES EN-COURS DE SERVICES
7351;Etudes en cours
7352;Prestations de services en cours
736;VARIATIONS DES STOCKS DE PRODUITS FINIS
737;VARIATIONS DES STOCKS DE PRODUITS INTERMEDIAIRES ET RESIDUELS
7371;Produits intermédiaires
7372;Produits résiduels
75;Autres produits (sauf compte 759)
752;QUOTE-PART DE RESULTAT SUR OPERATIONS FAITES EN COMMUN
7521;Quote-part transférée de pertes (comptabilité du gérant)
7525;Bénéfices attribués par transfert (comptabilité des associés non gérants)
754;PRODUITS DES CESSIONS COURANTES D'IMMOBILISATIONS
758;PRODUITS DIVERS
7581;Indemnités de fonction et autres rémunérations
7582;Indemnités d'assurances reçues
7588;Autres produits divers
759;REPRISES DE CHARGES POUR DEPRECIATIONS ET PROVISIONS A COURT TERME D'EXPLOITATION
7591;sur risques à court terme
7593;sur les stocks
7594;sur les créances
7598;sur autres charges pour dépréciations et provisions pour risques à court terme
77;Revenus financiers et produits assimilés
771;INTERETS DE PRÊTS ET CREANCES DIVERSES
7712;Intérêts de prêts
7713;Intérêts sur créances diverses
772;REVENUS DE PARTICIPATIONS ET AUTRES CREANCES IMMOBILISES
7721;Revenus des titres de participation
7722;Revenus des autres titres immobilisés
773;ESCOMPTES OBTENUS
774;REVENUS DE PLACEMENT
7745;Revenus des obligations
7746;Revenus des titres de placement
775;INTERETS DANS LOYERS DE LOCATION ACQUISITION
776;GAINS DE CHANGE
777;GAINS SUR CESSIONS DE TITRES DE PLACEMENT
778;GAINS SUR RISQUES FINANCIERS
7781;sur rentes viagères
7782;sur opérations financières
7784;sur instruments de trésorerie
779;REPRISES DE CHARGES POUR DÉPRÉCIATIONS ET PROVISIONS POUR RISQUES À COURT TERME FINANCIERES
7791;sur risques financiers
7795;sur titres de placement
7798;sur Autres charges pour dépréciations et provisions pour risques à court terme financières
78;Transferts de charges
781;TRANSFERTS DE CHARGES D'EXPLOITATION
787;TRANSFERTS DE CHARGES FINANCIERES
79;Reprises de provisions, dépréciations et autres
791;REPRISES DE PROVISIONS ET DE DEPRECIATIONS D'EXPLOITATION
7911;pour risques et charges
7913;des immobilisations incorporelles
7914;des immobilisations corporelles
797;Reprises de provisions et de dépréciations financières
7971;pour risques et charges
7972;des immobilisations financières
798;REPRISES D'AMORTISSEMENTS
799;REPRISES DE SUBVENTIONS D'INVESTISSEMENT
8;COMPTES DES AUTRES CHARGES ET DES AUTRES PRODUITS
81;Valeurs comptables des cessions d'immobilisations
811;IMMOBILISATIONS INCORPORELLES
812;IMMOBILISATIONS CORPORELLES
816;IMMOBILISATIONS FINANCIERES
82;Produits des cessions d'immobilisations
821;IMMOBILISATIONS INCORPORELLES
822;IMMOBILISATIONS CORPORELLES
826;IMMOBILISATIONS FINANCIERES
83;Charges hors activités ordinaires
831;CHARGES H.A.O. CONSTATEES
833;CHARGES LIEES AUX OPERATIONS DE RESTRUCTURATION
834;PERTES SUR CRÉANCES H.A.O.
835;DONS ET LIBÉRALITÉS ACCORDÉS
836;Abandons de créances consentis
837;CHARGES LIEES AUX OPERATIONS DE LIQUIDATION
839;CHARGES POUR DEPRECIATIONS ET PROVISIONS POUR RISQUES A COURT TERME H.A.O.
84;Produits hors activités ordinaires
841;PRODUITS H.A.O. CONSTATES
843;PRODUITS LIES AUX OPERATIONS DE RESTRUCTURATION
845;DONS ET LIBÉRALITÉS OBTENUS
846;ABANDONS DE CREANCES OBTENUS
847;PRODUITS LIES AUX OPERATIONS DE LIQUIDATION
848;TRANSFERTS DE CHARGES H.A.O.
849;REPRISES DE CHARGES POUR DEPRECIATIONS ET PROVISIONS POUR RISQUES A COURT TERME H.A.O.
85;Dotations hors activités ordinaires
851;DOTATIONS AUX PROVISIONS REGLEMENTEES
852;DOTATIONS AUX AMORTISSEMENTS H.A.O.
853;DOTATIONS AUX DEPRECIATIONS H.A.O.
854;DOTATIONS AUX PROVISIONS POUR RISQUES ET CHARGES H.A.O.
858;AUTRES DOTATIONS H.A.O.
86;Reprises de charges, provisions et dépréciations HAO
861;REPRISES DE PROVISIONS REGLEMENTEES
862;REPRISES D'AMORTISSEMENTS H.A.O.
863;REPRISES DE DEPRECIATIONS H.A.O.
864;REPRISES DE PROVISIONS POUR RISQUES ET CHARGES H.A.O.
868;AUTRES REPRISES H.A.O.
87;Participation des travailleurs
871;PARTICIPATION LÉGALE AUX BÉNÉFICES
872;PARTICIPATION CONTRACTUELLE AUX BÉNÉFICES
878;AUTRES PARTICIPATIONS
88;Subventions d'équilibre
881;ETAT
884;COLLECTIVITÉS PUBLIQUES
886;GROUPE
888;AUTRES
89;Impôts sur le résultat
891;IMPÔTS SUR LES BENEFICES DE L'EXERCICE
8911;Activités exercées dans l'Etat
8912;Activités exercées dans les autres Etats de la Région
8913;Activités exercées hors Région
892;RAPPELS D'IMPÔTS SUR RESULTATS ANTERIEURS
895;IMPÔT MINIMUM FORFAITAIRE (I.M.F.)
899;DÉGREVEMENTS ET ANNULATIONS D'IMPÔTS SUR RÉSULTATS ANTÉRIEURS
8991;Dégrèvements
8994;Annulations pour pertes rétroactives
9;COMPTES DES ENGAGEMENTS HORS BILAN ET COMPTES DE LA COMPTABILITÉ ANALYTIQUE DE GESTION
9011;Crédits confirmés obtenus
9012;Emprunts restant à encaisser
9013;Facilités de financement renouvelables
9014;Facilités d'émission
9018;Autres engagements de financement obtenus
9021;Avals obtenus
9022;Cautions, garanties obtenues
9023;Hypothèques obtenues
9024;Effets endossés par des tiers
9028;Autres garanties obtenues
9031;Achats de marchandises à terme
9032;Achats à terme de devises
9033;Commandes fermes des clients
9038;Autres engagements réciproques
9041;Abandons de créances conditionnels
9043;Ventes avec clause de réserve de propriété
9048;Divers engagements obtenus
9051;Crédits accordés non décaissés
9058;Autres engagements de financement accordés
9061;Avals accordés
9062;Cautions, garanties accordées
9063;Hypothèques accordées
9064;Effets endossés par l'entité
9068;Autres garanties accordées
9071;Ventes de marchandises à terme
9072;Ventes à terme de devises
9073;Commandes fermes aux fournisseurs
9078;Autres engagements réciproques
9081;Annulations conditionnelles de dettes
9083;Achats avec clause de réserve de propriété
9088;Divers engagements accordés
914;Contreparties des comptes 901 à 904
915;Contreparties des comptes 905 à 908
9151;Contrepartie du compte 9051 (crédits accordés non décaissés)
9183;Contrepartie du compte 9083 (achats avec clause de réserve de propriété)
92;COMPTES REFLECHIS
93;COMPTES DE RECLASSEMENTS
94;COMPTES DE COÛTS
95;COMPTES DE STOCKS
96;COMPTES D'ECARTS SUR COÛTS PREETABLIS
97;COMPTES DE DIFFERENCES DE TRAITEMENT COMPTABLE
98;COMPTES DE RESULTATS
99;COMPTES DE LIAISONS INTERNES
